{
    "theta0": -1245.9612608269042,
    "theta1": -8995.299265780895
}