{
    "theta0": 8481.144008079089,
    "theta1": -0.0201120249326293
}