{
    "theta0": -1269.076677175308,
    "theta1": -9033.394838872113
}