{
    "theta0": 8481.172796984529,
    "theta1": -0.020129886654102203
}